{"phones": ["I", "b", "d", "d\u02d0", "d\u0361z", "d\u0361\u0292", "e", "ek\u02b0", "el", "f", "f\u02d0", "gu", "h", "i", "in", "j", "k", "k\u02b0", "k\u02b0\u02b0", "k\u02b0\u02d0", "k\u02d0", "l", "l\u02d0", "m", "me", "m\u02d0", "n", "n\u02d0", "o", "p", "p\u02b0", "p\u02d0", "r", "s", "s\u02d0", "t", "t\u0283\u02b0", "t\u02b0", "t\u02d0", "t\u0361s", "t\u0361s\u02b0", "t\u0361s\u02b0\u02d0", "t\u0361\u0283", "t\u0361\u0283\u02b0", "u", "un", "v", "v\u02d0", "w", "z", "\u00f0\u027e", "\u014b", "\u0251", "\u0259", "\u0259\u02b0", "\u0261", "\u027e", "\u027e\u02d0", "\u0281", "\u0281\u02d0", "\u0283", "\u0283\u0259", "\u0292", "\u03c7"], "version": "2.0.6", "architecture": "gmm-hmm", "train_date": "2022-11-12 03:03:58.497506", "training": {"audio_duration": 51784.380000000034, "num_speakers": 3, "num_utterances": 4324, "num_oovs": 0, "average_log_likelihood": -0.004178809377821231}, "dictionaries": {"names": ["pronDict"], "default": "pronDict", "silence_word": "<eps>", "use_g2p": false, "oov_word": "<unk>", "bracketed_word": "[bracketed]", "laughter_word": "[laughter]", "position_dependent_phones": true, "clitic_marker": "'"}, "features": {"type": "mfcc", "use_energy": false, "frame_shift": 10, "frame_length": 25, "snip_edges": true, "low_frequency": 20, "high_frequency": 7800, "sample_frequency": 16000, "allow_downsample": true, "allow_upsample": true, "uses_cmvn": true, "uses_deltas": true, "uses_voiced": false, "uses_splices": false, "uses_speaker_adaptation": true, "use_pitch": false, "min_f0": 50, "max_f0": 500, "delta_pitch": 0.005, "penalty_factor": 0.1}, "oov_phone": "spn", "optional_silence_phone": "sil", "phone_set_type": "UNKNOWN", "silence_probability": 0.2478020836938839, "initial_silence_probability": 0.25, "final_silence_correction": 2.67, "final_non_silence_correction": 0.01}